scheme,fold,graph,share_test_with_train_neighbour
random,0,contiguity,0.9976299807435935
random,0,permuted,0.9982224855576951
random,1,contiguity,0.9980743593541698
random,1,permuted,0.9971856021330173
random,2,contiguity,0.998518737964746
random,2,permuted,0.9982224855576951
random,3,contiguity,0.9965930973189158
random,3,permuted,0.9983706117612205
random,4,contiguity,0.997778106947119
random,4,permuted,0.997778106947119
blocked,0,contiguity,0.03167001390390854
blocked,0,permuted,0.9978371697821721
blocked,1,contiguity,0.014732965009208104
blocked,1,permuted,0.996316758747698
blocked,2,contiguity,0.007793398533007335
blocked,2,permuted,0.9834963325183375
blocked,3,contiguity,0.019016697588126158
blocked,3,permuted,1.0
blocked,4,contiguity,0.017980991523246854
blocked,4,permuted,0.9992293860775752
