scheme,fold,graph,base,beta_1st_order,beta_2nd_order
random,0,contiguity,XGBoost,0.41146695704183883,0.20046094575194762
random,0,permuted,XGBoost,-0.0006642798053108944,0.03363211074090057
random,0,contiguity,XGBoost+SLX,0.32837488589425545,0.11036648643106657
random,1,contiguity,XGBoost,0.4098180462388133,0.19558280772033623
random,1,permuted,XGBoost,-0.021020789057708923,0.06487360610703762
random,1,contiguity,XGBoost+SLX,0.3138781100136018,0.12758490828479924
random,2,contiguity,XGBoost,0.39680496444430285,0.21894493326904554
random,2,permuted,XGBoost,-0.0017648181433737805,0.04089726456612233
random,2,contiguity,XGBoost+SLX,0.3088241375996802,0.13613490003951967
random,3,contiguity,XGBoost,0.40744033829619486,0.19687443983300537
random,3,permuted,XGBoost,-0.011137889118640996,0.043492465832436
random,3,contiguity,XGBoost+SLX,0.31345181697055946,0.11793748007542279
random,4,contiguity,XGBoost,0.40301621093123535,0.20243640384279568
random,4,permuted,XGBoost,0.009265656962992735,0.01429514448628263
random,4,contiguity,XGBoost+SLX,0.3129430741675844,0.12401993191629967
blocked,0,contiguity,XGBoost,0.4800180208292867,0.18954582821020902
blocked,0,permuted,XGBoost,0.0007107621009183688,0.05410006428788504
blocked,0,contiguity,XGBoost+SLX,0.37895050212231235,0.1070093156377769
blocked,1,contiguity,XGBoost,0.46874249504041016,0.1616926246704173
blocked,1,permuted,XGBoost,-0.00858788657544247,-0.0020840367551340404
blocked,1,contiguity,XGBoost+SLX,0.3734428793338075,0.07833429510411781
blocked,2,contiguity,XGBoost,0.46703515781037347,0.20303873078551382
blocked,2,permuted,XGBoost,-0.0285993271022894,0.05371179294166623
blocked,2,contiguity,XGBoost+SLX,0.3369159216718328,0.11908354994505897
blocked,3,contiguity,XGBoost,0.48341039774326233,0.18779975416012948
blocked,3,permuted,XGBoost,0.0007742758067993003,0.05407864040081517
blocked,3,contiguity,XGBoost+SLX,0.38167397938191877,0.11361264949645017
blocked,4,contiguity,XGBoost,0.4941740829673661,0.17534436487271257
blocked,4,permuted,XGBoost,-0.011292511950053789,0.029951547247286187
blocked,4,contiguity,XGBoost+SLX,0.39915009283176567,0.08696094212425838
