rule,share_of_worst_areas_found,mean_true_SAP_of_selected,spearman_with_SAP
Random selection (expected),0.11657532217449267,67.71102058954229,
"Census household deprivation, most deprived first",0.08742058449809403,68.38805590851334,0.09978076348849203
Ridge,0.43456162642947904,62.30520965692503,0.48543539507085615
RandomForest,0.4678526048284625,61.91715374841169,0.5707835773804374
XGBoost,0.489707750952986,61.65895806861499,0.5919210260681236
GraphSAGE [contiguity],0.4815756035578145,61.71080050825921,0.595601501668767
GraphSAGE [heterogeneous],0.4706480304955527,61.86022871664549,0.5718909068333959
GAT [contiguity],0.36747141041931386,63.225031766200765,0.4140773589535091
GAT [heterogeneous],0.24193138500635325,65.26975857687421,0.23721868238930569
