scheme,method,RMSE,RMSE_fold_mean,RMSE_fold_sd,R2,residual_MoransI,recall_worst,mean_SAP_picked,spearman
random,XGBoost,3.925989639960914,3.9258414553574505,0.0381366044195431,0.5196590075985346,0.17632508158887134,0.5519695044472681,61.146505717916135,0.6670281348257655
random,XGBoost+SLX [contiguity],3.777404413188803,3.77726406474144,0.036405459604633754,0.5553294994649152,0.12029200454107265,0.5832274459974587,60.85209656925032,0.7123107198345682
random,XGBoost+SLX [permuted],4.005825033810455,4.005670930960536,0.03928413102449793,0.49992481406342393,0.18697160749723288,0.5402795425667091,61.27064803049555,0.6508419638824983
random,GraphSAGE [contiguity],4.015167042210177,4.0149876263837045,0.042437260110679095,0.49758963766135844,0.1946763391566725,0.5316391359593393,61.32096569250318,0.6660325488345477
random,GraphSAGE [contiguity] seed0,4.067771094164126,4.067609272982918,0.04056594724306578,0.4843389076409801,0.20110494385139147,0.5232528589580686,61.38907242693774,0.6546406051988064
random,GraphSAGE [contiguity] seed1,4.017224000012999,4.017028824468951,0.04427315306770877,0.4970747392188024,0.1921072412189214,0.5270648030495553,61.35006353240153,0.6638539750200085
random,GraphSAGE [contiguity] seed2,4.006633851323381,4.0064539310992275,0.04245168650913452,0.49972285297024277,0.19327665121925475,0.5306226175349428,61.336467598475224,0.666677516455093
random,GraphSAGE [permuted],4.176137203770706,4.175945253575209,0.04476583323931533,0.45649834633578834,0.23302214217731815,0.5026683608640407,61.619059720457436,0.6122133038429234
random,GraphSAGE [permuted] seed0,4.2156798473364185,4.215487554029482,0.04501745579403827,0.4461570957985109,0.2374825410583664,0.5003811944091486,61.63252858958069,0.601090925694125
random,GraphSAGE [permuted] seed1,4.177350074027335,4.1771662852826745,0.04381018822608987,0.4561826034936052,0.22996453515127868,0.5052096569250317,61.58360864040661,0.6117421545148166
random,GraphSAGE [permuted] seed2,4.170169093692009,4.169970817597987,0.04546496405482899,0.458050670779127,0.22994078623914513,0.5008894536213468,61.65590851334181,0.6132867596725605
random,XGBoost+residual [contiguity],3.745044489366587,3.7449555108996284,0.02886279433674374,0.5629155911895265,-0.04583263976316386,0.5992376111817027,60.690724269377384,0.7079336981630063
random,XGBoost+residual [permuted],3.9262578439768747,3.9261094047993246,0.038170651949991856,0.5195933763587719,0.1763068512686748,0.5524777636594663,61.14663278271919,0.6670045587713906
random,XGBoost+SLX+residual [contiguity],3.6777978526210418,3.677673810989174,0.033771006579449564,0.5784713842650109,-0.03189907933330539,0.6116899618805591,60.591740787801776,0.7304839834632683
blocked,XGBoost,4.214824204194412,4.216602416675103,0.1461107153449443,0.44638189645118087,0.23346069543710052,0.489707750952986,61.65895806861499,0.5919210260681236
blocked,XGBoost+SLX [contiguity],4.1515912105163775,4.168874133559396,0.1482466452073982,0.4628686262581698,0.2338353763961712,0.5024142312579416,61.56950444726811,0.6208106605866036
blocked,XGBoost+SLX [permuted],4.2620997627695525,4.25842333518619,0.14114524129864167,0.43389293545692853,0.2352788165813309,0.4795425667090216,61.77865311308768,0.581652197591162
blocked,GraphSAGE [contiguity],4.228276184733788,4.25283542728324,0.16260004945386294,0.4428424158536679,0.25290218644379625,0.489707750952986,61.646505717916135,0.6145119792742565
blocked,GraphSAGE [contiguity] seed0,4.291008458258912,4.30313066402177,0.16407283868705538,0.42618738241779586,0.2617822237480663,0.4747141041931385,61.8005082592122,0.5958533624200655
blocked,GraphSAGE [contiguity] seed1,4.276208923470693,4.284743544724122,0.16920146078931725,0.4301386751269587,0.26269364724151395,0.49148665819567977,61.650063532401525,0.6082700988620366
blocked,GraphSAGE [contiguity] seed2,4.224826860803037,4.250781978390054,0.16701264537261426,0.4437510760351231,0.25263722450689036,0.49148665819567977,61.69110546378653,0.6131327961727289
blocked,GraphSAGE [permuted],4.352721018734361,4.354307169811153,0.1567967320800467,0.4095637439727575,0.2722127670663127,0.46810673443456163,61.901905972045746,0.5552640445259944
blocked,GraphSAGE [permuted] seed0,4.403446741177277,4.399182702250913,0.15493923042186208,0.39572190899705006,0.2760481489992889,0.4625158831003812,62.010419313850065,0.5392743508960193
blocked,GraphSAGE [permuted] seed1,4.370859482957463,4.365106037816403,0.15599675280577346,0.40463261185697197,0.2723716517866645,0.46886912325285895,61.900889453621346,0.5514682475647011
blocked,GraphSAGE [permuted] seed2,4.352155301287943,4.350896956168588,0.16787805691769547,0.4097172104520094,0.2719651669817537,0.4609911054637865,61.98869123252859,0.5578288754061412
blocked,XGBoost+residual [contiguity],4.215127222598054,4.218801682203592,0.14192415486854335,0.44630229051929093,0.22934254752425376,0.49123252858958066,61.63545108005083,0.5915899919170117
blocked,XGBoost+residual [permuted],4.215701635998245,4.217160250280566,0.145986823163166,0.4461513707304948,0.23343046201442808,0.4891994917407878,61.658703939008895,0.5916783233530244
blocked,XGBoost+SLX+residual [contiguity],4.150123182328774,4.167773637831515,0.14512642581005383,0.4632484250117824,0.23050826865418955,0.5029224904701398,61.561626429479034,0.6208463518873629
