scheme,method,RMSE,RMSE_fold_sd,R2,residual_MoransI,recall_worst,mean_SAP_picked,spearman
random,XGBoost,3.925989639960914,0.0381366044195431,0.5196590075985346,0.1763250815888713,0.5519695044472681,61.146505717916135,0.6670281348257655
random,XGBoost+SLX [contiguity],3.777404413188803,0.0364054596046337,0.5553294994649152,0.1202920045410726,0.5832274459974587,60.85209656925032,0.7123107198345682
random,GraphSAGE [contiguity] (mean of 3 single seeds),4.030542981833502,0.04243026227330297,0.4937121666100084,0.19549627876318917,0.5269800931808556,61.358534519271494,0.6617240322246359
random,XGBoost+residual [contiguity],3.745044489366587,0.0288627943367437,0.5629155911895265,-0.0458326397631638,0.5992376111817027,60.69072426937738,0.7079336981630063
random,XGBoost+SLX+residual [contiguity],3.6777978526210418,0.0337710065794495,0.5784713842650109,-0.0318990793333053,0.6116899618805591,60.591740787801776,0.7304839834632683
random,XGBoost+SLX [permuted],4.005825033810455,0.0392841310244979,0.4999248140634239,0.1869716074972328,0.5402795425667091,61.27064803049555,0.6508419638824983
random,GraphSAGE [permuted] (mean of 3 single seeds),4.187733005018587,0.0447642026916523,0.4534634566904144,0.23246262081626337,0.5021601016518424,61.62401524777636,0.608706613293834
random,XGBoost+residual [permuted],3.9262578439768743,0.0381706519499918,0.5195933763587719,0.1763068512686748,0.5524777636594663,61.14663278271919,0.6670045587713906
blocked,XGBoost,4.214824204194412,0.1461107153449443,0.4463818964511808,0.2334606954371005,0.489707750952986,61.65895806861499,0.5919210260681236
blocked,XGBoost+SLX [contiguity],4.1515912105163775,0.1482466452073982,0.4628686262581698,0.2338353763961712,0.5024142312579416,61.56950444726811,0.6208106605866036
blocked,GraphSAGE [contiguity] (mean of 3 single seeds),4.264014747510881,0.16676231494966223,0.4333590445266258,0.25903769849882347,0.4858958068614993,61.71389241846675,0.605752085818277
blocked,XGBoost+residual [contiguity],4.215127222598054,0.1419241548685433,0.4463022905192909,0.2293425475242537,0.4912325285895806,61.63545108005083,0.5915899919170117
blocked,XGBoost+SLX+residual [contiguity],4.150123182328774,0.1451264258100538,0.4632484250117824,0.2305082686541895,0.5029224904701398,61.56162642947904,0.6208463518873629
blocked,XGBoost+SLX [permuted],4.2620997627695525,0.1411452412986416,0.4338929354569285,0.2352788165813309,0.4795425667090216,61.77865311308768,0.581652197591162
blocked,GraphSAGE [permuted] (mean of 3 single seeds),4.375487175140894,0.1596046800484436,0.40335724376867715,0.27346165592256905,0.46412537060567555,61.96666666666667,0.5495238246222872
blocked,XGBoost+residual [permuted],4.215701635998245,0.145986823163166,0.4461513707304948,0.233430462014428,0.4891994917407878,61.658703939008895,0.5916783233530244
